name,npi,specialty,phone,email,address,city,state,zip_code,website
Liam Rodriguez,3848307175,Cardiology,952-988-5151,liam.rodriguez@clinic.com,3121 Main St,Austin,AZ,97411,https://www.liamrodriguez.com
James Johnson,9992840939,Urology,918-929-8111,james.johnson@gmail.com,7798 Sunset Dr,Boston,AZ,50526,https://www.jamesjohnson.com
Aiden Garcia,4224428134,Neurology,727-907-6625,aiden.garcia@yahoo.com,1813 Main St,New York,AZ,37290,https://www.aidengarcia.com
Mia Brown,8424325050,Oncology,654-359-2312,mia.brown@yahoo.com,3821 Maple Rd,Boston,TX,13175,https://www.miabrown.com
Mia Wilson,3529059418,Radiology,766-993-1886,mia.wilson@hospital.org,1119 Main St,Austin,FL,80856,https://www.miawilson.com
Charlotte Rodriguez,2430124850,Psychiatry,211-415-3530,charlotte.rodriguez@gmail.com,7472 Sunset Dr,Miami,IL,89086,https://www.charlotterodriguez.com
Noah Taylor,1827277762,Dermatology,994-813-2029,noah.taylor@hospital.org,4951 Highland Ave,Los Angeles,NY,75931,https://www.noahtaylor.com
Olivia Rodriguez,4771989901,Psychiatry,197-300-5086,olivia.rodriguez@hospital.org,1446 Maple Rd,Miami,TX,72830,https://www.oliviarodriguez.com
Ethan Anderson,3755662036,ENT,185-375-7208,ethan.anderson@gmail.com,6831 Main St,San Diego,TX,87038,https://www.ethananderson.com
Lucas Martinez,7543284331,Orthopedics,472-307-3458,lucas.martinez@gmail.com,6759 Main St,Austin,FL,68310,https://www.lucasmartinez.com
Amelia Hernandez,9354546814,Radiology,957-424-6934,amelia.hernandez@clinic.com,9615 Maple Rd,Boston,NY,31125,https://www.ameliahernandez.com
Sophia Miller,8413341336,Dermatology,821-845-5802,sophia.miller@gmail.com,7095 Main St,New York,TX,96080,https://www.sophiamiller.com
Sophia Miller,1102158122,Dentistry,806-919-7921,sophia.miller@gmail.com,9345 Maple Rd,Houston,AZ,05151,https://www.sophiamiller.com
Isabella Lopez,8930967346,Orthopedics,611-979-8654,isabella.lopez@provider.net,962 Highland Ave,Boston,AZ,66967,https://www.isabellalopez.com
Liam Martinez,5205734749,Neurology,737-387-1201,liam.martinez@clinic.com,2804 Maple Rd,Phoenix,FL,30580,https://www.liammartinez.com
Olivia Taylor,6158968630,Pediatrics,765-188-4373,olivia.taylor@gmail.com,8595 Highland Ave,New York,NY,06796,https://www.oliviataylor.com
Mia Miller,6038622974,Pediatrics,622-919-1008,mia.miller@hospital.org,4044 Highland Ave,Boston,FL,71133,https://www.miamiller.com
Mason Jones,2390393999,Neurology,634-903-3033,mason.jones@yahoo.com,7819 Maple Rd,Houston,AZ,38710,https://www.masonjones.com
Liam Thomas,0330787049,Dentistry,152-688-3457,liam.thomas@gmail.com,6799 Main St,Los Angeles,NY,75996,https://www.liamthomas.com
Evelyn Taylor,4968680177,General Medicine,177-490-1413,evelyn.taylor@gmail.com,5772 Main St,Houston,CA,21217,https://www.evelyntaylor.com
Sophia Wilson,8796032823,ENT,199-509-5895,sophia.wilson@gmail.com,8478 Maple Rd,New York,NY,48709,https://www.sophiawilson.com
Isabella Rodriguez,4703444053,Radiology,983-547-6234,isabella.rodriguez@provider.net,1694 Park Blvd,Dallas,NY,75932,https://www.isabellarodriguez.com
Sophia Garcia,6575434684,Neurology,170-636-4191,sophia.garcia@gmail.com,4007 Park Blvd,Dallas,IL,17065,https://www.sophiagarcia.com
Emma Lopez,3497345086,Urology,189-611-9009,emma.lopez@provider.net,9221 Sunset Dr,San Diego,FL,00292,https://www.emmalopez.com
Mia Johnson,5223403021,Orthopedics,669-788-4635,mia.johnson@gmail.com,6554 Park Blvd,Boston,FL,16394,https://www.miajohnson.com
Evelyn Taylor,3962778145,Cardiology,621-292-7417,evelyn.taylor@clinic.com,1080 Maple Rd,Phoenix,FL,10271,https://www.evelyntaylor.com
Emma Williams,7072200309,Urology,187-534-1803,emma.williams@provider.net,1521 Main St,New York,IL,48933,https://www.emmawilliams.com
Elijah Anderson,1961372047,Orthopedics,930-893-3557,elijah.anderson@hospital.org,5102 Park Blvd,Phoenix,TX,77006,https://www.elijahanderson.com
Lucas Wilson,7041981158,Urology,819-559-9837,lucas.wilson@gmail.com,4288 Sunset Dr,Miami,IL,05773,https://www.lucaswilson.com
Emma Rodriguez,3992756887,Dentistry,111-837-8076,emma.rodriguez@provider.net,2678 Maple Rd,Boston,IL,21333,https://www.emmarodriguez.com
Sophia Johnson,7178091158,Cardiology,909-320-4849,sophia.johnson@hospital.org,3352 Maple Rd,Houston,TX,25517,https://www.sophiajohnson.com
Ethan Lopez,8556497370,Oncology,533-635-5746,ethan.lopez@hospital.org,8073 Maple Rd,Phoenix,TX,45599,https://www.ethanlopez.com
Lucas Thomas,9300308682,Psychiatry,814-608-1763,lucas.thomas@clinic.com,2572 Sunset Dr,Chicago,FL,30600,https://www.lucasthomas.com
Olivia Brown,1987204862,Psychiatry,646-958-1155,olivia.brown@gmail.com,2324 Highland Ave,Boston,TX,23892,https://www.oliviabrown.com
Harper Johnson,8597733264,Pediatrics,919-305-4726,harper.johnson@gmail.com,5714 Main St,Boston,NY,71797,https://www.harperjohnson.com
Mason Rodriguez,7581256134,General Medicine,197-832-5680,mason.rodriguez@hospital.org,4090 Highland Ave,Los Angeles,IL,07130,https://www.masonrodriguez.com
Harper Taylor,1410735157,Dentistry,187-528-1921,harper.taylor@clinic.com,786 Highland Ave,Dallas,AZ,84396,https://www.harpertaylor.com
Noah Williams,4833021849,Psychiatry,961-306-9493,noah.williams@provider.net,6755 Sunset Dr,Los Angeles,IL,23836,https://www.noahwilliams.com
Logan Thomas,9285233480,Cardiology,509-902-6090,logan.thomas@gmail.com,167 Sunset Dr,New York,AZ,24621,https://www.loganthomas.com
James Hernandez,5035996776,General Medicine,253-646-1038,james.hernandez@hospital.org,8382 Highland Ave,Dallas,NY,91606,https://www.jameshernandez.com
James Martinez,9202050958,Pediatrics,735-809-4148,james.martinez@yahoo.com,6345 Sunset Dr,Dallas,NY,56635,https://www.jamesmartinez.com
Sophia Wilson,9184560358,ENT,552-635-6239,sophia.wilson@clinic.com,3555 Sunset Dr,Houston,CA,02302,https://www.sophiawilson.com
John Anderson,5114674769,Neurology,903-768-5689,john.anderson@provider.net,1752 Main St,New York,TX,97875,https://www.johnanderson.com
Evelyn Miller,4299973994,Urology,712-786-3435,evelyn.miller@hospital.org,3642 Sunset Dr,Chicago,NY,02540,https://www.evelynmiller.com
John Hernandez,4844565105,Radiology,948-688-3901,john.hernandez@clinic.com,5063 Sunset Dr,Los Angeles,CA,98740,https://www.johnhernandez.com
Noah Martinez,1872801470,Cardiology,914-884-2362,noah.martinez@hospital.org,6051 Highland Ave,New York,NY,45230,https://www.noahmartinez.com
Lucas Brown,8276456462,Dentistry,188-451-4957,lucas.brown@yahoo.com,8531 Maple Rd,Dallas,TX,12008,https://www.lucasbrown.com
Harper Garcia,4187506502,General Medicine,351-286-1784,harper.garcia@clinic.com,409 Highland Ave,Miami,CA,83383,https://www.harpergarcia.com
Lucas Hernandez,3117129014,ENT,541-690-2164,lucas.hernandez@gmail.com,4495 Park Blvd,Phoenix,CA,30716,https://www.lucashernandez.com
Logan Rodriguez,0697248060,Pediatrics,191-150-6171,logan.rodriguez@gmail.com,1706 Maple Rd,Boston,NY,74153,https://www.loganrodriguez.com
Logan Gonzalez,7184235826,Dermatology,850-477-8732,logan.gonzalez@gmail.com,1709 Sunset Dr,Dallas,CA,73606,https://www.logangonzalez.com
Sophia Rodriguez,7156356244,Oncology,481-220-9723,sophia.rodriguez@hospital.org,5565 Maple Rd,Miami,IL,07324,https://www.sophiarodriguez.com
Lucas Jones,7321403070,Orthopedics,189-803-8990,lucas.jones@yahoo.com,2698 Sunset Dr,Boston,NY,85456,https://www.lucasjones.com
Sophia Martinez,9555061265,Dermatology,621-697-5135,sophia.martinez@provider.net,4293 Main St,San Diego,FL,48530,https://www.sophiamartinez.com
Ethan Davis,2452972130,Dentistry,106-549-3647,ethan.davis@gmail.com,1706 Main St,Houston,CA,27255,https://www.ethandavis.com
Logan Miller,8350958860,Neurology,411-218-8742,logan.miller@provider.net,1633 Maple Rd,Boston,AZ,43736,https://www.loganmiller.com
Liam Davis,7197241000,General Medicine,726-109-3203,liam.davis@hospital.org,5898 Maple Rd,Chicago,CA,19922,https://www.liamdavis.com
James Garcia,5254126794,Psychiatry,451-846-4439,james.garcia@provider.net,2873 Highland Ave,Houston,NY,69695,https://www.jamesgarcia.com
Evelyn Miller,1602195892,ENT,805-692-9282,evelyn.miller@hospital.org,3394 Maple Rd,Dallas,AZ,74345,https://www.evelynmiller.com
John Martinez,2361842530,Psychiatry,172-318-2218,john.martinez@clinic.com,1645 Sunset Dr,New York,IL,42621,https://www.johnmartinez.com
Mia Garcia,7199874453,Dentistry,437-110-9106,mia.garcia@hospital.org,6807 Main St,Dallas,TX,18711,https://www.miagarcia.com
Emma Hernandez,4826170799,Dentistry,740-180-3986,emma.hernandez@hospital.org,7157 Highland Ave,New York,AZ,37126,https://www.emmahernandez.com
Lucas Lopez,4234810276,Dermatology,327-729-3190,lucas.lopez@provider.net,1339 Maple Rd,Austin,TX,34224,https://www.lucaslopez.com
Emma Rodriguez,8475581458,Urology,249-581-9207,emma.rodriguez@gmail.com,7701 Sunset Dr,Houston,AZ,62790,https://www.emmarodriguez.com
James Wilson,9653656089,Urology,344-685-3919,james.wilson@clinic.com,633 Sunset Dr,San Diego,IL,10507,https://www.jameswilson.com
James Johnson,5525151961,Cardiology,455-378-4998,james.johnson@provider.net,2280 Sunset Dr,New York,NY,46809,https://www.jamesjohnson.com
Amelia Johnson,1539226462,ENT,891-262-5903,amelia.johnson@clinic.com,2707 Sunset Dr,Chicago,FL,00716,https://www.ameliajohnson.com
James Gonzalez,3212810701,Psychiatry,702-738-4857,james.gonzalez@gmail.com,1208 Maple Rd,New York,FL,47181,https://www.jamesgonzalez.com
James Johnson,0189725274,Neurology,904-102-3729,james.johnson@clinic.com,4240 Sunset Dr,Phoenix,IL,83920,https://www.jamesjohnson.com
Aiden Davis,2709128619,Cardiology,532-610-6629,aiden.davis@clinic.com,8865 Highland Ave,New York,FL,68306,https://www.aidendavis.com
Charlotte Johnson,6485938370,Urology,581-990-1109,charlotte.johnson@provider.net,7796 Park Blvd,Dallas,IL,89495,https://www.charlottejohnson.com
Noah Williams,6642453466,Dentistry,883-245-2243,noah.williams@yahoo.com,3342 Main St,Houston,TX,31372,https://www.noahwilliams.com
Liam Miller,3297007693,Radiology,827-755-1338,liam.miller@gmail.com,6717 Highland Ave,New York,IL,50908,https://www.liammiller.com
Isabella Smith,2151138981,ENT,464-218-8049,isabella.smith@clinic.com,3415 Highland Ave,Boston,AZ,21850,https://www.isabellasmith.com
James Wilson,0350335085,Cardiology,161-618-2052,james.wilson@clinic.com,3070 Main St,New York,NY,39791,https://www.jameswilson.com
James Gonzalez,7840462203,Oncology,547-895-7200,james.gonzalez@gmail.com,417 Highland Ave,Houston,AZ,33479,https://www.jamesgonzalez.com
Noah Thomas,1431314128,Neurology,153-336-2432,noah.thomas@gmail.com,303 Park Blvd,Phoenix,AZ,68881,https://www.noahthomas.com
Mason Smith,2158646134,Urology,880-535-3698,mason.smith@provider.net,6324 Highland Ave,New York,NY,86682,https://www.masonsmith.com
Charlotte Lopez,8284494827,Oncology,389-156-5094,charlotte.lopez@yahoo.com,8328 Main St,Boston,CA,67388,https://www.charlottelopez.com
Mia Williams,4533918665,Urology,983-480-7699,mia.williams@yahoo.com,6091 Highland Ave,Boston,FL,13779,https://www.miawilliams.com
Emma Jones,1610160357,Radiology,833-777-7277,emma.jones@provider.net,5767 Sunset Dr,Boston,IL,31645,https://www.emmajones.com
Mason Lopez,8392915507,Oncology,727-919-8676,mason.lopez@clinic.com,9815 Main St,Miami,TX,57025,https://www.masonlopez.com
Ethan Miller,3099104837,Urology,269-603-6374,ethan.miller@clinic.com,202 Highland Ave,Chicago,FL,19108,https://www.ethanmiller.com
Olivia Hernandez,3818196073,Pediatrics,413-940-8017,olivia.hernandez@hospital.org,1579 Park Blvd,Phoenix,CA,08727,https://www.oliviahernandez.com
Evelyn Miller,1011737866,Oncology,916-748-7174,evelyn.miller@clinic.com,9264 Park Blvd,Austin,AZ,76419,https://www.evelynmiller.com
Harper Wilson,4420352700,Dermatology,267-572-3341,harper.wilson@clinic.com,2577 Main St,Los Angeles,FL,75229,https://www.harperwilson.com
Emma Johnson,5662255833,Pediatrics,513-681-5665,emma.johnson@hospital.org,312 Highland Ave,San Diego,CA,81510,https://www.emmajohnson.com
Ava Davis,5348031847,Pediatrics,843-157-9690,ava.davis@hospital.org,1363 Park Blvd,Miami,FL,20356,https://www.avadavis.com
James Anderson,0565421715,Orthopedics,101-228-8602,james.anderson@hospital.org,4524 Park Blvd,Chicago,FL,30485,https://www.jamesanderson.com
Ava Smith,5488244904,Orthopedics,984-937-7216,ava.smith@clinic.com,2131 Highland Ave,Houston,IL,02427,https://www.avasmith.com
Ethan Miller,6100351689,Radiology,526-578-9016,ethan.miller@gmail.com,7634 Maple Rd,Miami,AZ,06580,https://www.ethanmiller.com
James Hernandez,3413129299,Cardiology,663-639-2532,james.hernandez@yahoo.com,5526 Main St,Austin,FL,05974,https://www.jameshernandez.com
Liam Jones,4931473656,Pediatrics,951-993-1766,liam.jones@provider.net,2785 Highland Ave,Miami,AZ,61669,https://www.liamjones.com
James Brown,1499654120,Orthopedics,516-476-9950,james.brown@provider.net,420 Main St,Los Angeles,IL,80178,https://www.jamesbrown.com
Ava Wilson,2139229549,ENT,800-466-8046,ava.wilson@gmail.com,7346 Park Blvd,New York,AZ,12497,https://www.avawilson.com
Harper Davis,6768934373,Pediatrics,495-113-8802,harper.davis@hospital.org,8885 Park Blvd,Houston,NY,31242,https://www.harperdavis.com
Logan Brown,1472494361,Psychiatry,218-382-6417,logan.brown@hospital.org,8861 Highland Ave,Chicago,TX,62226,https://www.loganbrown.com
Evelyn Anderson,2272356033,Orthopedics,169-402-5697,evelyn.anderson@gmail.com,6365 Park Blvd,Boston,TX,05583,https://www.evelynanderson.com
Noah Taylor,7904190290,Neurology,580-718-8562,noah.taylor@provider.net,2319 Highland Ave,Dallas,TX,11927,https://www.noahtaylor.com
John Thomas,1786413940,Cardiology,273-239-8410,john.thomas@hospital.org,358 Maple Rd,Austin,IL,74250,https://www.johnthomas.com
Ava Wilson,1437424591,Pediatrics,574-861-6558,ava.wilson@provider.net,2007 Park Blvd,Austin,TX,32207,https://www.avawilson.com
Mason Garcia,1856174956,Orthopedics,121-570-3912,mason.garcia@yahoo.com,6121 Maple Rd,Houston,IL,97645,https://www.masongarcia.com
Isabella Martinez,8912347120,Psychiatry,959-442-2572,isabella.martinez@gmail.com,3523 Highland Ave,Austin,TX,78934,https://www.isabellamartinez.com
Isabella Anderson,1565991188,Urology,999-356-4093,isabella.anderson@hospital.org,6958 Highland Ave,Chicago,IL,65176,https://www.isabellaanderson.com
Logan Rodriguez,7477121682,Psychiatry,345-713-7190,logan.rodriguez@hospital.org,4282 Sunset Dr,Miami,TX,75014,https://www.loganrodriguez.com
Noah Rodriguez,5320132551,Cardiology,216-675-8169,noah.rodriguez@hospital.org,6102 Maple Rd,Dallas,CA,64897,https://www.noahrodriguez.com
Logan Rodriguez,1537100200,Oncology,664-795-1826,logan.rodriguez@hospital.org,2215 Main St,Boston,AZ,42162,https://www.loganrodriguez.com
Lucas Taylor,9411500903,Dentistry,184-424-3704,lucas.taylor@clinic.com,3843 Highland Ave,Miami,TX,72673,https://www.lucastaylor.com
Lucas Johnson,0077343153,Oncology,204-880-4514,lucas.johnson@provider.net,4077 Park Blvd,Boston,IL,28652,https://www.lucasjohnson.com
Olivia Martinez,1680118390,ENT,209-634-8698,olivia.martinez@clinic.com,6771 Maple Rd,Phoenix,AZ,13456,https://www.oliviamartinez.com
Isabella Thomas,4712339568,Oncology,171-172-8816,isabella.thomas@clinic.com,4322 Highland Ave,Miami,FL,97483,https://www.isabellathomas.com
Liam Davis,3056535725,Orthopedics,297-195-2712,liam.davis@hospital.org,5906 Sunset Dr,Austin,AZ,85484,https://www.liamdavis.com
Sophia Anderson,4839314287,General Medicine,321-752-6817,sophia.anderson@yahoo.com,7853 Sunset Dr,Dallas,TX,23963,https://www.sophiaanderson.com
Amelia Williams,6466919971,Orthopedics,678-565-3552,amelia.williams@yahoo.com,7786 Sunset Dr,Dallas,NY,10286,https://www.ameliawilliams.com
Elijah Martinez,1940315191,ENT,795-805-7643,elijah.martinez@clinic.com,1100 Highland Ave,Boston,CA,56486,https://www.elijahmartinez.com
Mason Brown,3549477930,Pediatrics,790-482-3931,mason.brown@gmail.com,6465 Maple Rd,Dallas,IL,86014,https://www.masonbrown.com
Elijah Davis,3953648445,Pediatrics,970-291-9440,elijah.davis@gmail.com,9908 Maple Rd,Miami,NY,75983,https://www.elijahdavis.com
Aiden Martinez,5725782227,Orthopedics,193-556-7419,aiden.martinez@yahoo.com,7872 Park Blvd,Los Angeles,CA,02810,https://www.aidenmartinez.com
John Hernandez,2193622909,Orthopedics,300-575-9218,john.hernandez@hospital.org,9004 Main St,Chicago,NY,83019,https://www.johnhernandez.com
Aiden Thomas,9185333425,Psychiatry,265-497-9259,aiden.thomas@provider.net,7254 Sunset Dr,Miami,IL,77027,https://www.aidenthomas.com
Ava Davis,0184497308,Dentistry,909-824-3237,ava.davis@hospital.org,9447 Main St,Austin,TX,36826,https://www.avadavis.com
Mason Lopez,8996053488,Oncology,125-193-5845,mason.lopez@provider.net,2171 Maple Rd,San Diego,FL,45530,https://www.masonlopez.com
Evelyn Wilson,8764290969,Neurology,933-973-6144,evelyn.wilson@yahoo.com,7068 Park Blvd,Phoenix,FL,29249,https://www.evelynwilson.com
Emma Wilson,9705558677,Cardiology,349-483-6531,emma.wilson@gmail.com,1378 Park Blvd,Austin,FL,85315,https://www.emmawilson.com
Ava Gonzalez,6389960366,Cardiology,623-324-6907,ava.gonzalez@clinic.com,5496 Park Blvd,Boston,TX,39301,https://www.avagonzalez.com
Harper Miller,2191119950,Radiology,521-915-7040,harper.miller@hospital.org,1025 Highland Ave,San Diego,NY,23900,https://www.harpermiller.com
Isabella Gonzalez,8348254994,Pediatrics,301-916-1233,isabella.gonzalez@provider.net,5022 Main St,Houston,IL,16971,https://www.isabellagonzalez.com
John Miller,2627067198,Neurology,687-148-3338,john.miller@hospital.org,5620 Maple Rd,San Diego,NY,98590,https://www.johnmiller.com
Harper Smith,1546166760,Dermatology,793-973-7498,harper.smith@hospital.org,6721 Main St,Miami,AZ,24626,https://www.harpersmith.com
Isabella Miller,1574599857,Dentistry,188-947-5445,isabella.miller@provider.net,250 Park Blvd,Austin,IL,87324,https://www.isabellamiller.com
Olivia Anderson,9386811296,Dermatology,339-573-8264,olivia.anderson@clinic.com,4645 Sunset Dr,San Diego,NY,90163,https://www.oliviaanderson.com
Mason Lopez,0321385433,Cardiology,875-646-1305,mason.lopez@gmail.com,9549 Main St,Boston,FL,73864,https://www.masonlopez.com
Lucas Jones,8332155770,Dermatology,554-324-4787,lucas.jones@yahoo.com,8243 Park Blvd,Austin,IL,64381,https://www.lucasjones.com
Ava Jones,8762733251,Radiology,185-908-6875,ava.jones@clinic.com,4103 Sunset Dr,Boston,AZ,28891,https://www.avajones.com
Mia Martinez,1784177331,General Medicine,570-982-3360,mia.martinez@provider.net,2703 Main St,San Diego,TX,19003,https://www.miamartinez.com
James Johnson,2670507584,ENT,749-971-5216,james.johnson@yahoo.com,6221 Park Blvd,Houston,CA,17799,https://www.jamesjohnson.com
Mia Lopez,5800466680,Orthopedics,304-145-6905,mia.lopez@provider.net,1493 Maple Rd,Austin,AZ,30169,https://www.mialopez.com
John Thomas,1912391888,Dentistry,698-105-6503,john.thomas@clinic.com,1300 Maple Rd,Austin,AZ,21345,https://www.johnthomas.com
Evelyn Taylor,4402751516,General Medicine,346-330-3723,evelyn.taylor@hospital.org,2059 Main St,Los Angeles,IL,36091,https://www.evelyntaylor.com
Olivia Garcia,2747435639,Pediatrics,498-462-1606,olivia.garcia@hospital.org,7210 Sunset Dr,Boston,CA,46837,https://www.oliviagarcia.com
Amelia Brown,7212124311,Radiology,785-655-2038,amelia.brown@clinic.com,2996 Park Blvd,Phoenix,AZ,99323,https://www.ameliabrown.com
Isabella Johnson,3578495435,Cardiology,100-863-7773,isabella.johnson@hospital.org,4574 Maple Rd,Phoenix,TX,36864,https://www.isabellajohnson.com
Charlotte Williams,1981267691,Oncology,153-548-2855,charlotte.williams@provider.net,1265 Highland Ave,Dallas,CA,93213,https://www.charlottewilliams.com
Charlotte Johnson,7712113013,Radiology,687-981-8658,charlotte.johnson@gmail.com,9819 Maple Rd,San Diego,FL,98495,https://www.charlottejohnson.com
Elijah Gonzalez,2762932975,Urology,187-546-3892,elijah.gonzalez@provider.net,6896 Park Blvd,Phoenix,IL,23561,https://www.elijahgonzalez.com
Sophia Taylor,7500160284,General Medicine,285-310-6004,sophia.taylor@gmail.com,4059 Park Blvd,Miami,TX,13808,https://www.sophiataylor.com
Aiden Wilson,4041400392,Dentistry,668-809-6183,aiden.wilson@clinic.com,5056 Highland Ave,Dallas,AZ,30096,https://www.aidenwilson.com
Mason Thomas,6281717267,Psychiatry,825-561-7678,mason.thomas@hospital.org,4754 Park Blvd,Austin,TX,54374,https://www.masonthomas.com
Amelia Thomas,7032304529,ENT,373-245-9132,amelia.thomas@provider.net,3711 Sunset Dr,Los Angeles,FL,02603,https://www.ameliathomas.com
Charlotte Anderson,1827902302,Oncology,190-285-5057,charlotte.anderson@yahoo.com,8166 Maple Rd,New York,AZ,53295,https://www.charlotteanderson.com
Harper Martinez,3309675158,Pediatrics,988-161-5590,harper.martinez@gmail.com,3262 Sunset Dr,Miami,CA,72519,https://www.harpermartinez.com
Aiden Thomas,6604224722,Cardiology,139-486-6858,aiden.thomas@gmail.com,8515 Highland Ave,Austin,NY,99007,https://www.aidenthomas.com
Liam Miller,6714447596,Cardiology,170-886-9462,liam.miller@hospital.org,3283 Highland Ave,Boston,CA,02834,https://www.liammiller.com
Isabella Williams,3640665687,Radiology,336-141-3883,isabella.williams@gmail.com,476 Highland Ave,Austin,FL,24495,https://www.isabellawilliams.com
Ethan Davis,6543343387,Neurology,948-141-2142,ethan.davis@hospital.org,5239 Park Blvd,Phoenix,AZ,39942,https://www.ethandavis.com
Emma Martinez,0052395271,ENT,523-381-5819,emma.martinez@hospital.org,8080 Park Blvd,Houston,IL,96589,https://www.emmamartinez.com
Sophia Thomas,6770784445,Pediatrics,505-266-9389,sophia.thomas@yahoo.com,5815 Highland Ave,Phoenix,TX,90256,https://www.sophiathomas.com
Olivia Thomas,6950045566,Pediatrics,950-559-2630,olivia.thomas@hospital.org,3644 Sunset Dr,Boston,IL,83675,https://www.oliviathomas.com
Lucas Garcia,6848281319,Urology,351-628-7572,lucas.garcia@clinic.com,3930 Main St,New York,AZ,01702,https://www.lucasgarcia.com
Lucas Wilson,3359393558,Orthopedics,519-430-8353,lucas.wilson@gmail.com,9812 Maple Rd,Phoenix,FL,66945,https://www.lucaswilson.com
Isabella Rodriguez,6829899837,ENT,500-629-6764,isabella.rodriguez@clinic.com,478 Highland Ave,Houston,CA,84740,https://www.isabellarodriguez.com
Noah Anderson,3613413189,Dentistry,678-619-1577,noah.anderson@gmail.com,5862 Sunset Dr,Houston,CA,54568,https://www.noahanderson.com
Aiden Hernandez,9292646182,Orthopedics,302-506-2070,aiden.hernandez@gmail.com,1129 Park Blvd,Austin,IL,60596,https://www.aidenhernandez.com
Charlotte Martinez,9869741496,Cardiology,881-123-7185,charlotte.martinez@yahoo.com,8872 Park Blvd,Miami,TX,27343,https://www.charlottemartinez.com
Isabella Thomas,8417554549,Dentistry,193-884-5397,isabella.thomas@hospital.org,6391 Maple Rd,Chicago,IL,99363,https://www.isabellathomas.com
Emma Johnson,1582887673,Pediatrics,700-822-1914,emma.johnson@clinic.com,5549 Highland Ave,Boston,TX,26870,https://www.emmajohnson.com
John Miller,7832751449,Oncology,885-117-4206,john.miller@clinic.com,2552 Maple Rd,Boston,IL,00097,https://www.johnmiller.com
Evelyn Brown,6699055077,Oncology,418-427-8305,evelyn.brown@clinic.com,3798 Park Blvd,Dallas,TX,02593,https://www.evelynbrown.com
Ethan Thomas,6699349017,Pediatrics,463-690-1445,ethan.thomas@yahoo.com,9571 Maple Rd,Dallas,IL,44196,https://www.ethanthomas.com
Ethan Smith,6737569398,General Medicine,415-325-2524,ethan.smith@yahoo.com,4938 Main St,Chicago,IL,61800,https://www.ethansmith.com
Aiden Taylor,8228981356,Psychiatry,516-818-5073,aiden.taylor@gmail.com,8442 Maple Rd,Austin,TX,73883,https://www.aidentaylor.com
Aiden Rodriguez,8229449364,Radiology,756-632-8865,aiden.rodriguez@hospital.org,3971 Highland Ave,Dallas,NY,35717,https://www.aidenrodriguez.com
Olivia Gonzalez,8726966680,Neurology,908-675-9505,olivia.gonzalez@hospital.org,3116 Sunset Dr,New York,IL,44259,https://www.oliviagonzalez.com
Evelyn Hernandez,8085953747,General Medicine,170-712-8088,evelyn.hernandez@gmail.com,7510 Park Blvd,Boston,IL,98496,https://www.evelynhernandez.com
Aiden Thomas,8937749640,Pediatrics,416-768-8480,aiden.thomas@clinic.com,8135 Highland Ave,Miami,IL,73011,https://www.aidenthomas.com
Harper Miller,3028306086,Oncology,855-400-3399,harper.miller@gmail.com,1639 Highland Ave,Chicago,FL,79018,https://www.harpermiller.com
Ethan Miller,3229296397,Neurology,524-326-7914,ethan.miller@provider.net,5212 Park Blvd,Austin,IL,75630,https://www.ethanmiller.com
Aiden Gonzalez,9427280274,Dentistry,867-572-4710,aiden.gonzalez@provider.net,7581 Main St,San Diego,CA,22301,https://www.aidengonzalez.com
Elijah Taylor,1120296022,General Medicine,552-345-9711,elijah.taylor@yahoo.com,1632 Park Blvd,Chicago,IL,68963,https://www.elijahtaylor.com
Charlotte Jones,2628487624,Oncology,873-141-3349,charlotte.jones@hospital.org,7355 Maple Rd,Dallas,CA,84192,https://www.charlottejones.com
Noah Wilson,7815832732,Dentistry,829-259-9319,noah.wilson@gmail.com,2430 Maple Rd,Miami,TX,00698,https://www.noahwilson.com
Elijah Garcia,1118174294,Orthopedics,355-790-8935,elijah.garcia@yahoo.com,4085 Maple Rd,Austin,NY,23300,https://www.elijahgarcia.com
Charlotte Lopez,0249016742,Orthopedics,802-893-9471,charlotte.lopez@gmail.com,1273 Park Blvd,New York,NY,86013,https://www.charlottelopez.com
James Martinez,9686966985,Radiology,123-525-7228,james.martinez@gmail.com,7859 Main St,Miami,IL,74618,https://www.jamesmartinez.com
Evelyn Garcia,2972039179,General Medicine,357-759-2675,evelyn.garcia@gmail.com,9193 Sunset Dr,New York,TX,55500,https://www.evelyngarcia.com
Ethan Miller,8536652286,Dentistry,398-379-4263,ethan.miller@yahoo.com,7032 Park Blvd,Miami,AZ,42187,https://www.ethanmiller.com
Elijah Martinez,8658435537,Radiology,161-381-8611,elijah.martinez@yahoo.com,1895 Main St,Phoenix,NY,68646,https://www.elijahmartinez.com
Mason Anderson,8364569596,General Medicine,887-252-8384,mason.anderson@provider.net,5224 Highland Ave,San Diego,TX,72328,https://www.masonanderson.com
James Thomas,8577511767,General Medicine,199-664-6804,james.thomas@clinic.com,7951 Sunset Dr,Dallas,FL,50810,https://www.jamesthomas.com
Logan Thomas,4521064035,Neurology,523-874-8114,logan.thomas@provider.net,2104 Sunset Dr,Austin,FL,23296,https://www.loganthomas.com
James Williams,2642031534,Dentistry,565-976-8707,james.williams@gmail.com,5651 Maple Rd,Chicago,TX,12104,https://www.jameswilliams.com
Evelyn Williams,7824635999,Neurology,875-954-8455,evelyn.williams@provider.net,8610 Maple Rd,Austin,NY,91048,https://www.evelynwilliams.com
Amelia Taylor,9651120025,ENT,578-231-5178,amelia.taylor@clinic.com,1089 Sunset Dr,Houston,NY,41001,https://www.ameliataylor.com
Isabella Hernandez,8906734189,General Medicine,492-727-2806,isabella.hernandez@hospital.org,7308 Sunset Dr,Chicago,NY,80693,https://www.isabellahernandez.com
Noah Miller,2592649340,Orthopedics,817-298-5456,noah.miller@hospital.org,7903 Park Blvd,Dallas,NY,03300,https://www.noahmiller.com
Noah Anderson,1340072571,Dermatology,629-429-3937,noah.anderson@yahoo.com,2227 Park Blvd,San Diego,NY,44619,https://www.noahanderson.com
Ethan Lopez,4380357513,Pediatrics,433-488-3824,ethan.lopez@yahoo.com,9107 Park Blvd,Miami,TX,32169,https://www.ethanlopez.com
James Thomas,7712803356,Dentistry,564-172-6220,james.thomas@hospital.org,5777 Highland Ave,Dallas,AZ,04103,https://www.jamesthomas.com
Harper Smith,9295357506,Cardiology,962-716-4034,harper.smith@provider.net,4047 Park Blvd,Los Angeles,AZ,77794,https://www.harpersmith.com
Harper Thomas,6302885940,Psychiatry,154-689-8436,harper.thomas@gmail.com,712 Maple Rd,Chicago,AZ,23169,https://www.harperthomas.com
